MAE,RMSE,R2,Correlation,n_samples,n_features
7.078027688548415,8.777635531973655,0.8229096297287238,0.909175956612222,104,86
