MAE,RMSE,R2,Correlation,n_samples,n_features,mean_optimal_alpha,std_optimal_alpha
6.415117296239538,7.978758758538791,0.8536776975225951,0.9245677785373677,104,86,60.4435203875105,6.992320340637679
