MAE,RMSE,R2,Correlation,n_samples,n_features,most_common_kernel,mean_C,mean_epsilon,mean_support_vectors
6.840170396414011,8.282259276116124,0.8423341988230018,0.9178115528320335,104,86,rbf,81.74903846153848,0.5913461538461539,99.14423076923077
