MAE,RMSE,R2,Correlation,n_samples,n_features,mean_n_estimators,mean_max_depth,mean_min_samples_split,mean_oob_r2
10.073115090661341,12.165965683332233,0.6598010003079826,0.8587096736881051,104,86,692.3076923076923,9.903846153846153,15.0,0.6555699280577293
