oob_score,oob_score_r2
0.6539019187352059,0.6539019187352059
