MAE,RMSE,R2,Correlation,n_samples,n_features,mean_n_estimators,mean_max_depth,mean_learning_rate,mean_reg_alpha
8.149112738095797,10.233413478058592,0.7592973331050906,0.8753947649094598,104,86,572.1153846153846,3.0673076923076925,0.0498076923076923,2.125
