MAE,RMSE,R2,Correlation,n_samples,n_features,mean_n_estimators,mean_num_leaves,mean_learning_rate,mean_feature_fraction
8.235452801089705,10.494004089467913,0.7468824161297074,0.8667800696170639,104,86,536.5384615384615,32.16346153846154,0.05620192307692308,0.6067307692307692
