mean,std,min,max,shapiro_pvalue
0.2307117656617546,8.817095261610609,-19.89511654060852,22.36545771663736,0.7722628062168542
