MAE,RMSE,R2,Correlation,Residual_Mean,Residual_Std,Age_Residual_Correlation,Shapiro_PValue,Alpha,L1_Ratio,N_Features,N_NonZero_Features,Sparsity_Percent,LASSO_MAE,Improvement_vs_LASSO
6.3943456747630725,7.944919880519809,0.8579056580037282,0.9262319677077272,0.1735845884942045,7.981488601847051,-0.5045770019902103,0.6518584796406672,0.7543120063354622,0.1,82,82,100.0,7.078027688548415,9.659216435271595
