mean,std,min,max,shapiro_pvalue
0.1735845884942045,7.981488601847051,-19.352067994492927,23.037110115886257,0.6518584796406672
